smoke,age,dage,gestation
0,27.645220588235293,30.842883548983362,279.63568773234203
1,26.728778467908903,29.603734439834025,277.9791666666667
2,26.01063829787234,28.956989247311828,281.3263157894737
3,28.524271844660195,32.25242718446602,282.07
