ed,mean_gestation_w
0,41.25
1,39.53354978354978
2,39.99818594104308
3,40.1390977443609
4,40.1578231292517
5,40.0465367965368
7,39.885714285714286
